steps	avg_reward	std_reward
0	10.1	2.8676354952004157
6000	399.1666666666667	91.82595251646211
12000	457.43333333333334	53.059515849866386
18000	479.03333333333336	33.96712462890486
24000	460.8333333333333	49.853173308114386
30000	499.73333333333335	1.436043948569201
