steps	avg_reward	std_reward
0	9.433333333333334	0.7608474807008885
6000	359.53333333333336	123.4233185243192
12000	476.26666666666665	45.844616792911346
18000	333.93333333333334	46.43054550137824
24000	429.8333333333333	62.41478635352008
30000	492.0	20.689772030321326
