steps	avg_reward	std_reward
0	19.666666666666668	7.381658952355418
6000	23.533333333333335	12.360510597148574
12000	25.1	12.28915511063854
18000	25.066666666666666	18.301062507102937
24000	19.733333333333334	8.797474385046856
30000	21.366666666666667	9.9280187124902
