steps	avg_reward	std_reward
0	20.7	5.248174285723877
6000	235.16666666666666	83.22903473080908
12000	469.46666666666664	44.09666150124696
18000	481.8	33.21084160330779
24000	489.3	25.365527788713557
30000	484.6666666666667	30.313180118372415
