steps	avg_reward	std_reward
0	9.733333333333333	0.8137703743822469
6000	90.03333333333333	59.215135077294406
12000	232.3	134.57195101506107
18000	473.46666666666664	42.53605006997659
24000	410.3333333333333	43.325383886226426
30000	488.2	22.58229394902121
