steps	avg_reward	std_reward
0	11.566666666666666	4.294828932047882
6000	455.96666666666664	55.85665184698735
12000	449.53333333333336	55.18377378259745
18000	418.9	49.8921169457995
24000	460.76666666666665	45.01902067151419
30000	486.3	27.927465573039974
