steps	avg_reward	std_reward
0	10.8	2.4549270186029295
6000	475.93333333333334	72.98718304530523
12000	489.7	21.8649643646329
18000	450.43333333333334	50.7744577081386
24000	395.4	40.88161771097943
30000	479.6666666666667	33.658414830304906
