steps	avg_reward	std_reward
0	13.033333333333333	2.626573602412255
6000	420.8333333333333	87.07432967809106
12000	476.6	49.672661830561616
18000	456.93333333333334	49.14870858481996
24000	388.53333333333336	35.860594281498216
30000	494.3333333333333	15.07389207279335
