steps	avg_reward	std_reward
0	20.433333333333334	8.14732403239793
6000	24.533333333333335	13.418229722615758
12000	19.8	10.621989769655526
18000	24.133333333333333	10.397863028312864
24000	21.533333333333335	9.680679498648614
30000	17.933333333333334	6.947101713824422
