steps	avg_reward	std_reward
0	9.233333333333333	0.9195409482755815
6000	468.03333333333336	61.56919323456785
12000	406.43333333333334	82.1351257921292
18000	459.56666666666666	44.26336584078933
24000	479.8333333333333	31.043070438057867
30000	407.7	51.43678968727863
