steps	avg_reward	std_reward
0	51.766666666666666	28.253239735569366
6000	500.0	0.0
12000	260.6	38.29760653966076
18000	465.26666666666665	37.83907445426692
24000	380.23333333333335	48.93239099910088
30000	457.2	48.50113400736111
