steps	avg_reward	std_reward
0	27.766666666666666	16.70266113195406
6000	23.566666666666666	11.853785143245267
12000	24.466666666666665	9.797051710704716
18000	24.966666666666665	11.683273894285321
24000	26.633333333333333	13.136420956849532
30000	22.466666666666665	11.05360675174498
