steps	avg_reward	std_reward
0	-1220.5304417161276	145.6859417642535
6000	-370.8068738041794	295.62256384076164
12000	-313.8685787199619	291.342203724992
18000	-427.18098491881227	292.02196065819993
24000	-262.6510502950861	222.757904682241
30000	-257.3445289810035	175.84202493985197
