steps	avg_reward	std_reward
0	-1204.689362335622	94.95108421985552
6000	-442.4964071882288	420.3768080293226
12000	-352.56906595230134	238.5121890555505
18000	-239.70593003782759	174.9341583837134
24000	-230.26121979520354	160.6841139878609
30000	-201.84312059262837	146.65856299061173
