steps	avg_reward	std_reward
0	-1521.3299128761828	49.616673596449935
6000	-638.9567602459971	374.06875695945365
12000	-379.28628930630083	264.14664589077637
18000	-335.99082795750127	256.4325164960806
24000	-272.8572944342916	204.8612884720112
30000	-263.7779419499434	164.82962811775604
