steps	avg_reward	std_reward
0	-1146.4044512514906	174.77147291179574
6000	-292.19092966121394	241.2010903494346
12000	-291.36721750264576	200.2854077968663
18000	-225.22451129494104	182.9498810832567
24000	-400.56160767949416	596.137090660246
30000	-200.0183379521503	131.32442889241048
