steps	avg_reward	std_reward
0	-1339.4668097078293	114.94172072573792
6000	-290.574844384689	212.9104358526928
12000	-255.52340627082398	197.65037874282095
18000	-226.71703381688394	180.0909546681921
24000	-249.79546472114538	160.13346159607426
30000	-199.62469302729693	146.98597599185098
