steps	avg_reward	std_reward
0	-1652.7985878256152	196.18286191615869
6000	-307.9114907744735	212.4809546409969
12000	-324.48952556151835	202.9894521489231
18000	-284.5238329246693	210.85736973097386
24000	-260.6942880194103	202.47027736098454
30000	-230.0149262203163	159.35983842258523
