steps	avg_reward	std_reward
0	-1305.137403427533	284.18686521645776
6000	-316.6642971219917	200.31476398821692
12000	-195.7453161992464	140.48909915392395
18000	-263.909334189169	155.66502254269332
24000	-267.62672557900976	157.69894951630266
30000	-226.97009455270458	143.30141180995207
