steps	avg_reward	std_reward
0	-1314.2775121825716	91.33647031812467
6000	-271.00867929761404	162.99731461932743
12000	-253.55648346718743	155.297438233928
18000	-226.5819494369925	151.63581351968767
24000	-298.90926732382115	160.36478140777226
30000	-272.2485758428182	171.04191144244973
