steps	avg_reward	std_reward
0	-1269.056820619636	262.59613567396474
6000	-256.5611009395333	204.671904762814
12000	-224.955791260928	214.44305502567792
18000	-180.85554379023415	143.6495626100664
24000	-269.42681336445645	175.62997814583989
30000	-211.79271339869825	167.5361179894953
