steps	avg_reward	std_reward
0	-1152.0456335093781	197.72886301239507
6000	-1161.0078973677503	312.2630750180559
12000	-1206.0836931679908	278.420411723025
18000	-1229.3335345340104	254.9916727294498
24000	-1196.6530743390715	300.4352517155387
30000	-1339.7994064660643	330.7494832291251
